level,group,channel,direction,essence,leg,resource,path,value,json_type,write,field_note
fusion,MGMT diag,,,,,self/diag/common,self.diag.common.network.static_ip,192.168.39.230,string,untested,
fusion,MGMT diag,,,,,self/diag/common,self.diag.common.network.static_gateway,192.168.39.1,string,untested,
fusion,MGMT diag,,,,,self/diag/common,self.diag.common.network.hostname,emsfp-a2-10-0c,string,untested,
fusion,MGMT diag,,,,,self/diag/common,self.diag.common.network.dhcp_enable,1,string,untested,
fusion,MGMT diag,,,,,self/diag/common,self.diag.common.network.vlan_id,0,string,untested,
fusion,MGMT diag,,,,,self/diag/common,self.diag.common.stats.uptime,N/A,string,untested,
fusion,MGMT diag,,,,,self/diag/dns,self.diag.dns.dns.server_address,0.0.0.0,string,untested,
fusion,MGMT diag,,,,,self/diag/dns,self.diag.dns.dns.domain_name,,string,untested,
fusion,MGMT diag,,,,,self/diag/dns,self.diag.dns.lookup.host,,string,untested,
fusion,MGMT diag,,,,,self/diag/dns,self.diag.dns.lookup.name,,string,untested,
fusion,MGMT diag,,,,,self/diag/dns,self.diag.dns.lookup.address,,string,untested,
fusion,MGMT diag,,,,,self/diag/2110-7_engine/fee338d3-edfe-30ba-812c-40a36ba2100c,self.diag.2110-7_engine.fee338d3-edfe-30ba-812c-40a36ba2100c.flow_impairment,1,string,untested,
fusion,MGMT diag,,,,,self/diag/2110-7_engine/33bd4ce3-6fbb-4468-9cbb-40a36ba2100c,self.diag.2110-7_engine.33bd4ce3-6fbb-4468-9cbb-40a36ba2100c.flow_impairment,1,string,untested,
fusion,MGMT diag,,,,,self/diag/2110-7_engine/7377b687-fefb-2feb-83e0-40a36ba2100c,self.diag.2110-7_engine.7377b687-fefb-2feb-83e0-40a36ba2100c.flow_impairment,1,string,untested,
fusion,MGMT diag,,,,,self/diag/2110-7_engine/7f7c14ae-5fe7-4b09-9cb1-40a36ba2100c,self.diag.2110-7_engine.7f7c14ae-5fe7-4b09-9cb1-40a36ba2100c.flow_impairment,1,string,untested,
fusion,MGMT diag,,,,,self/diag/2110-7_engine/f999d2d9-fffd-4fb5-a2c5-40a36ba2100c,self.diag.2110-7_engine.f999d2d9-fffd-4fb5-a2c5-40a36ba2100c.flow_impairment,1,string,untested,
fusion,MGMT diag,,,,,self/diag/2110-7_engine/dfbe9dee-efbb-1ed0-9d68-40a36ba2100c,self.diag.2110-7_engine.dfbe9dee-efbb-1ed0-9d68-40a36ba2100c.flow_impairment,1,string,untested,
fusion,MGMT diag,,,,,self/diag/2110-7_engine/59d52e04-fbff-1040-938b-40a36ba2100c,self.diag.2110-7_engine.59d52e04-fbff-1040-938b-40a36ba2100c.flow_impairment,1,string,untested,
fusion,MGMT diag,,,,,self/diag/2110-7_engine/6fbf058c-fbdf-344f-996a-40a36ba2100c,self.diag.2110-7_engine.6fbf058c-fbdf-344f-996a-40a36ba2100c.flow_impairment,1,string,untested,
fusion,MGMT diag,,,,,self/diag/2110-7_engine/5fddd212-1ffd-28a1-a069-40a36ba2100c,self.diag.2110-7_engine.5fddd212-1ffd-28a1-a069-40a36ba2100c.flow_impairment,1,string,untested,
fusion,MGMT diag,,,,,self/diag/2110-7_engine/3bf570cd-35ff-4f57-8af5-40a36ba2100c,self.diag.2110-7_engine.3bf570cd-35ff-4f57-8af5-40a36ba2100c.flow_impairment,1,string,untested,
fusion,MGMT diag,,,,,self/diag/2110-7_engine/ffafc976-fdde-2108-9b06-40a36ba2100c,self.diag.2110-7_engine.ffafc976-fdde-2108-9b06-40a36ba2100c.flow_impairment,1,string,untested,
fusion,MGMT diag,,,,,self/diag/2110-7_engine/3cae4de0-0fd6-1a4e-8f16-40a36ba2100c,self.diag.2110-7_engine.3cae4de0-0fd6-1a4e-8f16-40a36ba2100c.flow_impairment,1,string,untested,
fusion,MGMT diag,,,,,self/diag/2110-7_engine/702e36e5-fefc-3184-91de-40a36ba2100c,self.diag.2110-7_engine.702e36e5-fefc-3184-91de-40a36ba2100c.flow_impairment,1,string,untested,
fusion,MGMT diag,,,,,self/diag/2110-7_engine/ed9f5fad-7a26-4f5a-a41d-40a36ba2100c,self.diag.2110-7_engine.ed9f5fad-7a26-4f5a-a41d-40a36ba2100c.flow_impairment,1,string,untested,
fusion,MGMT diag,,,,,self/diag/2110-7_engine/ffeda7e0-f3fd-384c-8bbd-40a36ba2100c,self.diag.2110-7_engine.ffeda7e0-f3fd-384c-8bbd-40a36ba2100c.flow_impairment,1,string,untested,
fusion,MGMT diag,,,,,self/diag/2110-7_engine/7b7e03c2-f77f-2a88-8dbf-40a36ba2100c,self.diag.2110-7_engine.7b7e03c2-f77f-2a88-8dbf-40a36ba2100c.flow_impairment,1,string,untested,
fusion,MGMT diag,,,,,self/diag/2110-7_engine/6dfdea3a-67ff-14af-85e4-40a36ba2100c,self.diag.2110-7_engine.6dfdea3a-67ff-14af-85e4-40a36ba2100c.flow_impairment,1,string,untested,
fusion,MGMT diag,,,,,self/diag/2110-7_engine/dff73729-d74c-1422-926a-40a36ba2100c,self.diag.2110-7_engine.dff73729-d74c-1422-926a-40a36ba2100c.flow_impairment,1,string,untested,
fusion,MGMT diag,,,,,self/diag/2110-7_engine/dab60e02-fcff-4638-a8c2-40a36ba2100c,self.diag.2110-7_engine.dab60e02-fcff-4638-a8c2-40a36ba2100c.flow_impairment,1,string,untested,
fusion,MGMT diag,,,,,self/diag/2110-7_engine/7c71d66c-6fff-449a-8e52-40a36ba2100c,self.diag.2110-7_engine.7c71d66c-6fff-449a-8e52-40a36ba2100c.flow_impairment,1,string,untested,
fusion,MGMT diag,,,,,self/diag/2110-7_engine/7feb2cef-07f3-4699-99d2-40a36ba2100c,self.diag.2110-7_engine.7feb2cef-07f3-4699-99d2-40a36ba2100c.flow_impairment,1,string,untested,
fusion,MGMT diag,,,,,self/diag/2110-7_engine/6bb4c505-fb9b-3d69-8735-40a36ba2100c,self.diag.2110-7_engine.6bb4c505-fb9b-3d69-8735-40a36ba2100c.flow_impairment,1,string,untested,
fusion,MGMT diag,,,,,self/diag/2110-7_engine/37bf4d25-83ea-4067-839f-40a36ba2100c,self.diag.2110-7_engine.37bf4d25-83ea-4067-839f-40a36ba2100c.flow_impairment,1,string,untested,
fusion,MGMT diag,,,,,self/diag/2110-7_engine/6ede0bce-3bda-1419-9fd9-40a36ba2100c,self.diag.2110-7_engine.6ede0bce-3bda-1419-9fd9-40a36ba2100c.flow_impairment,1,string,untested,
fusion,MGMT diag,,,,,self/diag/2110-7_engine/76ff49e4-653b-2ae9-81cb-40a36ba2100c,self.diag.2110-7_engine.76ff49e4-653b-2ae9-81cb-40a36ba2100c.flow_impairment,1,string,untested,
fusion,MGMT diag,,,,,self/diag/2110-7_engine/3f7afc73-eb7d-3777-a0ec-40a36ba2100c,self.diag.2110-7_engine.3f7afc73-eb7d-3777-a0ec-40a36ba2100c.flow_impairment,1,string,untested,
fusion,MGMT diag,,,,,self/diag/2110-7_engine/7efd3487-5fdf-3d10-84ad-40a36ba2100c,self.diag.2110-7_engine.7efd3487-5fdf-3d10-84ad-40a36ba2100c.flow_impairment,1,string,untested,
fusion,MGMT diag,,,,,self/diag/2110-7_engine/3d730dd7-fef4-3cac-a851-40a36ba2100c,self.diag.2110-7_engine.3d730dd7-fef4-3cac-a851-40a36ba2100c.flow_impairment,1,string,untested,
fusion,MGMT diag,,,,,self/diag/2110-7_engine/335e683d-df3f-33d2-9eac-40a36ba2100c,self.diag.2110-7_engine.335e683d-df3f-33d2-9eac-40a36ba2100c.flow_impairment,1,string,untested,
fusion,MGMT diag,,,,,self/diag/2110-7_engine/ff6d0252-fdd9-4d1e-9a1a-40a36ba2100c,self.diag.2110-7_engine.ff6d0252-fdd9-4d1e-9a1a-40a36ba2100c.flow_impairment,1,string,untested,
fusion,MGMT diag,,,,,self/diag/2110-7_engine/79bf3844-7ff7-26ba-ad2b-40a36ba2100c,self.diag.2110-7_engine.79bf3844-7ff7-26ba-ad2b-40a36ba2100c.flow_impairment,0,string,untested,
fusion,MGMT diag,,,,,self/diag/2110-7_engine/27ff6a70-ef5f-2350-ab48-40a36ba2100c,self.diag.2110-7_engine.27ff6a70-ef5f-2350-ab48-40a36ba2100c.flow_impairment,1,string,untested,
fusion,MGMT diag,,,,,self/diag/2110-7_engine/7fbdf8ec-f3fe-4be8-a625-40a36ba2100c,self.diag.2110-7_engine.7fbdf8ec-f3fe-4be8-a625-40a36ba2100c.flow_impairment,1,string,untested,
fusion,MGMT diag,,,,,self/diag/2110-7_engine/ffe5e2ed-f9f7-4a44-ad78-40a36ba2100c,self.diag.2110-7_engine.ffe5e2ed-f9f7-4a44-ad78-40a36ba2100c.flow_impairment,1,string,untested,
fusion,MGMT diag,,,,,self/diag/2110-7_engine/7ff7bdc5-77fd-11df-a3ad-40a36ba2100c,self.diag.2110-7_engine.7ff7bdc5-77fd-11df-a3ad-40a36ba2100c.flow_impairment,1,string,untested,
fusion,MGMT diag,,,,,self/diag/2110-7_engine/ff6cacf3-f7bd-39f4-9b57-40a36ba2100c,self.diag.2110-7_engine.ff6cacf3-f7bd-39f4-9b57-40a36ba2100c.flow_impairment,1,string,untested,
fusion,NMOS,,,,,self/diag/nmos,self.diag.nmos.registry_address,10.6.250.5:8080,string,accepted,
fusion,NMOS,,,,,self/diag/nmos,self.diag.nmos.registry_address_2,0.0.0.0:0,string,accepted,
fusion,NMOS,,,,,self/diag/nmos,self.diag.nmos.uptime,92319,number,accepted,
fusion,NMOS,,,,,self/diag/nmos,self.diag.nmos.connection_count,3,number,accepted,
fusion,NMOS,,,,,self/diag/nmos,self.diag.nmos.registry_mode,manual,string,accepted,
fusion,NMOS,,,,,self/diag/nmos,self.diag.nmos.dns_registry_service,_nmos-register._tcp.dns.nmos.tv,string,accepted,
fusion,NMOS,,,,,self/diag/nmos,self.diag.nmos.mdns_mode,False,bool,accepted,
fusion,NMOS,,,,,self/diag/nmos,self.diag.nmos.domain_name,,string,accepted,
fusion,RED live 1,,,,,self/interfaces,self.interfaces.e1.static_ip,192.168.39.230/24,string,untested,
fusion,RED live 1,,,,,self/interfaces,self.interfaces.e1.static_gateway,192.168.39.1,string,untested,
fusion,RED live 1,,,,,self/interfaces,self.interfaces.e1.dhcp,True,bool,untested,
fusion,RED live 1,,,,,self/interfaces,self.interfaces.e1.vlan,0,number,untested,
fusion,BLUE live 2,,,,,self/interfaces,self.interfaces.e2.static_ip,172.16.16.2/24,string,untested,
fusion,BLUE live 2,,,,,self/interfaces,self.interfaces.e2.static_gateway,172.16.16.1,string,untested,
fusion,BLUE live 2,,,,,self/interfaces,self.interfaces.e2.dhcp,True,bool,untested,
fusion,BLUE live 2,,,,,self/interfaces,self.interfaces.e2.vlan,0,number,untested,
fusion,MGMT (OOB),,,,,self/interfaces,self.interfaces.oob.static_ip,192.168.40.230/24,string,untested,
fusion,MGMT (OOB),,,,,self/interfaces,self.interfaces.oob.static_gateway,192.168.40.1,string,untested,
fusion,MGMT (OOB),,,,,self/interfaces,self.interfaces.oob.dhcp,True,bool,untested,
fusion,MGMT (OOB),,,,,self/interfaces,self.interfaces.oob.vlan,0,number,untested,
fusion,MGMT ipconfig,,,,,self/ipconfig,self.ipconfig.ip_addr,192.168.39.230,string,untested,
fusion,MGMT ipconfig,,,,,self/ipconfig,self.ipconfig.subnet_mask,255.255.255.0,string,untested,
fusion,MGMT ipconfig,,,,,self/ipconfig,self.ipconfig.gateway,192.168.39.1,string,untested,
fusion,MGMT ipconfig,,,,,self/ipconfig,self.ipconfig.hostname,emsfp-a2-10-0c,string,untested,
fusion,MGMT ipconfig,,,,,self/ipconfig,self.ipconfig.port,80,string,untested,
fusion,MGMT ipconfig,,,,,self/ipconfig,self.ipconfig.dhcp_enable,1,string,untested,
fusion,MGMT static_route,,,,,self/static_route,self.static_route.route_1.gateway,0.0.0.0,string,untested,
fusion,MGMT static_route,,,,,self/static_route,self.static_route.route_2.gateway,0.0.0.0,string,untested,
fusion,MGMT static_route,,,,,self/static_route,self.static_route.route_3.gateway,0.0.0.0,string,untested,
fusion,MGMT static_route,,,,,self/static_route,self.static_route.route_4.gateway,0.0.0.0,string,untested,
fusion,MGMT static_route,,,,,self/static_route,self.static_route.route_5.gateway,0.0.0.0,string,untested,
fusion,MGMT license,,,,,self/license,self.license.feature.frame_sync,unlicensed,string,untested,
fusion,MGMT system,,,,,self/system,self.system.access_control.media.device_management,True,bool,accepted,
fusion,MGMT system,,,,,self/system,self.system.uptime,"2 days, 23:10:04",string,accepted,
fusion,MGMT system,,,,,self/system,self.system.fan_speed,5023,number,accepted,
fusion,Syslog,,,,,self/syslog,self.syslog.config.port,1514,number,accepted,
fusion,Syslog,,,,,self/syslog,self.syslog.monitoring.common.ptp_event,True,bool,accepted,
fusion,Syslog,,,,,self/syslog,self.syslog.monitoring.common.temp_event,True,bool,accepted,
fusion,Syslog,,,,,self/syslog,self.syslog.monitoring.common.northbound_api_event,True,bool,accepted,
fusion,Syslog,,,,,self/syslog,self.syslog.monitoring.common.rtp_timestamp_audio_event,True,bool,accepted,
fusion,Syslog,,,,,self/syslog,self.syslog.monitoring.common.fan_speed,True,bool,accepted,
fusion,Syslog,,,,,self/syslog,self.syslog.monitoring.encap.sdi_event,True,bool,accepted,
fusion,Syslog,,,,,self/syslog,self.syslog.monitoring.encap.no_signal,True,bool,accepted,
fusion,Syslog,,,,,self/syslog,self.syslog.monitoring.decap.output_flywheel,True,bool,accepted,
fusion,Syslog,,,,,self/syslog,self.syslog.monitoring.decap.memory_pkt_error,True,bool,accepted,
fusion,Syslog,,,,,self/syslog,self.syslog.monitoring.decap.dash7_fifo_error,True,bool,accepted,
fusion,Syslog,,,,,self/syslog,self.syslog.monitoring.decap.flow_impairment,True,bool,accepted,
fusion,Syslog,,,,,self/syslog,self.syslog.monitoring.decap.frame_repeat,True,bool,accepted,
fusion,Syslog,,,,,self/syslog,self.syslog.monitoring.decap.frame_skipped,True,bool,accepted,
fusion,MGMT protocols,,,,,self/protocols,self.protocols.sap_announcement_enable,1,string,untested,
fusion,MGMT protocols,,,,,self/protocols,self.protocols.mdns_enable,1,string,untested,
cage,cage 1 (I/O module),,,,,port/1,port.1.host_pinout,2T,string,untested,
cage,cage 2 (I/O module),,,,,port/2,port.2.host_pinout,2T,string,untested,
cage,cage 3 (RED optic),,,,,port/3,port.3.host_pinout,RT,string,untested,
cage,cage 4 (I/O module),,,,,port/4,port.4.host_pinout,RT,string,untested,
cage,cage 5 (BLUE optic),,,,,port/5,port.5.host_pinout,RT,string,untested,
cage,cage 6 (I/O module),,,,,port/6,port.6.host_pinout,RT,string,untested,
io,CH1 out,CH1,out,video,RED,flows/fee338d3-edfe-30ba-812c-40a36ba2100c,flows.fee338d3-edfe-30ba-812c-40a36ba2100c.format.format_colorimetry,BT709,string,accepted,
io,CH1 out,CH1,out,video,RED,flows/fee338d3-edfe-30ba-812c-40a36ba2100c,flows.fee338d3-edfe-30ba-812c-40a36ba2100c.format.format_tcs,SDR,string,accepted,
io,CH1 out,CH1,out,video,RED,flows/fee338d3-edfe-30ba-812c-40a36ba2100c,flows.fee338d3-edfe-30ba-812c-40a36ba2100c.cdis,single,string,accepted,
io,CH1 out,CH1,out,video,BLUE,flows/cd7b33b3-bfba-1ff0-9e37-40a36ba2100c,flows.cd7b33b3-bfba-1ff0-9e37-40a36ba2100c.format.format_colorimetry,BT709,string,accepted,
io,CH1 out,CH1,out,video,BLUE,flows/cd7b33b3-bfba-1ff0-9e37-40a36ba2100c,flows.cd7b33b3-bfba-1ff0-9e37-40a36ba2100c.format.format_tcs,SDR,string,accepted,
io,CH1 out,CH1,out,video,BLUE,flows/cd7b33b3-bfba-1ff0-9e37-40a36ba2100c,flows.cd7b33b3-bfba-1ff0-9e37-40a36ba2100c.cdis,single,string,accepted,
io,CH1 out,CH1,out,audio,RED,flows/33bd4ce3-6fbb-4468-9cbb-40a36ba2100c,flows.33bd4ce3-6fbb-4468-9cbb-40a36ba2100c.format.aud_ptime_idx,0,string,accepted,
io,CH1 out,CH1,out,audio,RED,flows/33bd4ce3-6fbb-4468-9cbb-40a36ba2100c,flows.33bd4ce3-6fbb-4468-9cbb-40a36ba2100c.format.aud_format,dash-30,string,accepted,
io,CH1 out,CH1,out,audio,BLUE,flows/f5ef3e4c-7f73-289c-a70b-40a36ba2100c,flows.f5ef3e4c-7f73-289c-a70b-40a36ba2100c.format.aud_ptime_idx,0,string,accepted,
io,CH1 out,CH1,out,audio,BLUE,flows/f5ef3e4c-7f73-289c-a70b-40a36ba2100c,flows.f5ef3e4c-7f73-289c-a70b-40a36ba2100c.format.aud_format,dash-30,string,accepted,
io,CH1 out,CH1,out,audio,RED,flows/7377b687-fefb-2feb-83e0-40a36ba2100c,flows.7377b687-fefb-2feb-83e0-40a36ba2100c.format.aud_ptime_idx,0,string,accepted,
io,CH1 out,CH1,out,audio,RED,flows/7377b687-fefb-2feb-83e0-40a36ba2100c,flows.7377b687-fefb-2feb-83e0-40a36ba2100c.format.aud_format,dash-30,string,accepted,
io,CH1 out,CH1,out,audio,BLUE,flows/3d7edc6d-7cd9-4162-8d00-40a36ba2100c,flows.3d7edc6d-7cd9-4162-8d00-40a36ba2100c.format.aud_ptime_idx,0,string,accepted,
io,CH1 out,CH1,out,audio,BLUE,flows/3d7edc6d-7cd9-4162-8d00-40a36ba2100c,flows.3d7edc6d-7cd9-4162-8d00-40a36ba2100c.format.aud_format,dash-30,string,accepted,
io,CH1 out,CH1,out,audio,RED,flows/7f7c14ae-5fe7-4b09-9cb1-40a36ba2100c,flows.7f7c14ae-5fe7-4b09-9cb1-40a36ba2100c.format.aud_ptime_idx,0,string,accepted,
io,CH1 out,CH1,out,audio,RED,flows/7f7c14ae-5fe7-4b09-9cb1-40a36ba2100c,flows.7f7c14ae-5fe7-4b09-9cb1-40a36ba2100c.format.aud_format,dash-30,string,accepted,
io,CH1 out,CH1,out,audio,BLUE,flows/9f7ffb8e-eeff-498d-8d73-40a36ba2100c,flows.9f7ffb8e-eeff-498d-8d73-40a36ba2100c.format.aud_ptime_idx,0,string,accepted,
io,CH1 out,CH1,out,audio,BLUE,flows/9f7ffb8e-eeff-498d-8d73-40a36ba2100c,flows.9f7ffb8e-eeff-498d-8d73-40a36ba2100c.format.aud_format,dash-30,string,accepted,
io,CH1 out,CH1,out,audio,RED,flows/f999d2d9-fffd-4fb5-a2c5-40a36ba2100c,flows.f999d2d9-fffd-4fb5-a2c5-40a36ba2100c.format.aud_ptime_idx,0,string,accepted,
io,CH1 out,CH1,out,audio,RED,flows/f999d2d9-fffd-4fb5-a2c5-40a36ba2100c,flows.f999d2d9-fffd-4fb5-a2c5-40a36ba2100c.format.aud_format,dash-30,string,accepted,
io,CH1 out,CH1,out,audio,BLUE,flows/7bafe527-75fb-3cb8-8682-40a36ba2100c,flows.7bafe527-75fb-3cb8-8682-40a36ba2100c.format.aud_ptime_idx,0,string,accepted,
io,CH1 out,CH1,out,audio,BLUE,flows/7bafe527-75fb-3cb8-8682-40a36ba2100c,flows.7bafe527-75fb-3cb8-8682-40a36ba2100c.format.aud_format,dash-30,string,accepted,
io,CH2 out,CH2,out,video,RED,flows/59d52e04-fbff-1040-938b-40a36ba2100c,flows.59d52e04-fbff-1040-938b-40a36ba2100c.format.format_colorimetry,BT709,string,accepted,
io,CH2 out,CH2,out,video,RED,flows/59d52e04-fbff-1040-938b-40a36ba2100c,flows.59d52e04-fbff-1040-938b-40a36ba2100c.format.format_tcs,SDR,string,accepted,
io,CH2 out,CH2,out,video,RED,flows/59d52e04-fbff-1040-938b-40a36ba2100c,flows.59d52e04-fbff-1040-938b-40a36ba2100c.cdis,single,string,accepted,
io,CH2 out,CH2,out,video,BLUE,flows/ff9ff10f-57eb-4581-9536-40a36ba2100c,flows.ff9ff10f-57eb-4581-9536-40a36ba2100c.format.format_colorimetry,BT709,string,accepted,
io,CH2 out,CH2,out,video,BLUE,flows/ff9ff10f-57eb-4581-9536-40a36ba2100c,flows.ff9ff10f-57eb-4581-9536-40a36ba2100c.format.format_tcs,SDR,string,accepted,
io,CH2 out,CH2,out,video,BLUE,flows/ff9ff10f-57eb-4581-9536-40a36ba2100c,flows.ff9ff10f-57eb-4581-9536-40a36ba2100c.cdis,single,string,accepted,
io,CH2 out,CH2,out,audio,RED,flows/6fbf058c-fbdf-344f-996a-40a36ba2100c,flows.6fbf058c-fbdf-344f-996a-40a36ba2100c.format.aud_ptime_idx,0,string,accepted,
io,CH2 out,CH2,out,audio,RED,flows/6fbf058c-fbdf-344f-996a-40a36ba2100c,flows.6fbf058c-fbdf-344f-996a-40a36ba2100c.format.aud_format,dash-30,string,accepted,
io,CH2 out,CH2,out,audio,BLUE,flows/bfff0575-6bfe-32e6-a4b7-40a36ba2100c,flows.bfff0575-6bfe-32e6-a4b7-40a36ba2100c.format.aud_ptime_idx,0,string,accepted,
io,CH2 out,CH2,out,audio,BLUE,flows/bfff0575-6bfe-32e6-a4b7-40a36ba2100c,flows.bfff0575-6bfe-32e6-a4b7-40a36ba2100c.format.aud_format,dash-30,string,accepted,
io,CH2 out,CH2,out,audio,RED,flows/5fddd212-1ffd-28a1-a069-40a36ba2100c,flows.5fddd212-1ffd-28a1-a069-40a36ba2100c.format.aud_ptime_idx,0,string,accepted,
io,CH2 out,CH2,out,audio,RED,flows/5fddd212-1ffd-28a1-a069-40a36ba2100c,flows.5fddd212-1ffd-28a1-a069-40a36ba2100c.format.aud_format,dash-30,string,accepted,
io,CH2 out,CH2,out,audio,BLUE,flows/ee57ce49-ffcf-4ac1-a3ea-40a36ba2100c,flows.ee57ce49-ffcf-4ac1-a3ea-40a36ba2100c.format.aud_ptime_idx,0,string,accepted,
io,CH2 out,CH2,out,audio,BLUE,flows/ee57ce49-ffcf-4ac1-a3ea-40a36ba2100c,flows.ee57ce49-ffcf-4ac1-a3ea-40a36ba2100c.format.aud_format,dash-30,string,accepted,
io,CH2 out,CH2,out,audio,RED,flows/3bf570cd-35ff-4f57-8af5-40a36ba2100c,flows.3bf570cd-35ff-4f57-8af5-40a36ba2100c.format.aud_ptime_idx,0,string,accepted,
io,CH2 out,CH2,out,audio,RED,flows/3bf570cd-35ff-4f57-8af5-40a36ba2100c,flows.3bf570cd-35ff-4f57-8af5-40a36ba2100c.format.aud_format,dash-30,string,accepted,
io,CH2 out,CH2,out,audio,BLUE,flows/39ed9908-a7de-3c37-9d23-40a36ba2100c,flows.39ed9908-a7de-3c37-9d23-40a36ba2100c.format.aud_ptime_idx,0,string,accepted,
io,CH2 out,CH2,out,audio,BLUE,flows/39ed9908-a7de-3c37-9d23-40a36ba2100c,flows.39ed9908-a7de-3c37-9d23-40a36ba2100c.format.aud_format,dash-30,string,accepted,
io,CH2 out,CH2,out,audio,RED,flows/ffafc976-fdde-2108-9b06-40a36ba2100c,flows.ffafc976-fdde-2108-9b06-40a36ba2100c.format.aud_ptime_idx,0,string,accepted,
io,CH2 out,CH2,out,audio,RED,flows/ffafc976-fdde-2108-9b06-40a36ba2100c,flows.ffafc976-fdde-2108-9b06-40a36ba2100c.format.aud_format,dash-30,string,accepted,
io,CH2 out,CH2,out,audio,BLUE,flows/1ada16cd-ffbb-283f-9a35-40a36ba2100c,flows.1ada16cd-ffbb-283f-9a35-40a36ba2100c.format.aud_ptime_idx,0,string,accepted,
io,CH2 out,CH2,out,audio,BLUE,flows/1ada16cd-ffbb-283f-9a35-40a36ba2100c,flows.1ada16cd-ffbb-283f-9a35-40a36ba2100c.format.aud_format,dash-30,string,accepted,
io,CH3 out,CH3,out,video,RED,flows/702e36e5-fefc-3184-91de-40a36ba2100c,flows.702e36e5-fefc-3184-91de-40a36ba2100c.format.format_colorimetry,BT709,string,accepted,
io,CH3 out,CH3,out,video,RED,flows/702e36e5-fefc-3184-91de-40a36ba2100c,flows.702e36e5-fefc-3184-91de-40a36ba2100c.format.format_tcs,SDR,string,accepted,
io,CH3 out,CH3,out,video,BLUE,flows/8dafec9e-7736-3d76-88b1-40a36ba2100c,flows.8dafec9e-7736-3d76-88b1-40a36ba2100c.format.format_colorimetry,BT709,string,accepted,
io,CH3 out,CH3,out,video,BLUE,flows/8dafec9e-7736-3d76-88b1-40a36ba2100c,flows.8dafec9e-7736-3d76-88b1-40a36ba2100c.format.format_tcs,SDR,string,accepted,
io,CH3 out,CH3,out,audio,RED,flows/ed9f5fad-7a26-4f5a-a41d-40a36ba2100c,flows.ed9f5fad-7a26-4f5a-a41d-40a36ba2100c.format.aud_ptime_idx,0,string,accepted,
io,CH3 out,CH3,out,audio,RED,flows/ed9f5fad-7a26-4f5a-a41d-40a36ba2100c,flows.ed9f5fad-7a26-4f5a-a41d-40a36ba2100c.format.aud_format,dash-30,string,accepted,
io,CH3 out,CH3,out,audio,BLUE,flows/27ffd126-efd9-38d4-a5e0-40a36ba2100c,flows.27ffd126-efd9-38d4-a5e0-40a36ba2100c.format.aud_ptime_idx,0,string,accepted,
io,CH3 out,CH3,out,audio,BLUE,flows/27ffd126-efd9-38d4-a5e0-40a36ba2100c,flows.27ffd126-efd9-38d4-a5e0-40a36ba2100c.format.aud_format,dash-30,string,accepted,
io,CH3 out,CH3,out,audio,RED,flows/ffeda7e0-f3fd-384c-8bbd-40a36ba2100c,flows.ffeda7e0-f3fd-384c-8bbd-40a36ba2100c.format.aud_ptime_idx,0,string,accepted,
io,CH3 out,CH3,out,audio,RED,flows/ffeda7e0-f3fd-384c-8bbd-40a36ba2100c,flows.ffeda7e0-f3fd-384c-8bbd-40a36ba2100c.format.aud_format,dash-30,string,accepted,
io,CH3 out,CH3,out,audio,BLUE,flows/3fffa216-3797-2225-9a2f-40a36ba2100c,flows.3fffa216-3797-2225-9a2f-40a36ba2100c.format.aud_ptime_idx,0,string,accepted,
io,CH3 out,CH3,out,audio,BLUE,flows/3fffa216-3797-2225-9a2f-40a36ba2100c,flows.3fffa216-3797-2225-9a2f-40a36ba2100c.format.aud_format,dash-30,string,accepted,
io,CH3 out,CH3,out,audio,RED,flows/7b7e03c2-f77f-2a88-8dbf-40a36ba2100c,flows.7b7e03c2-f77f-2a88-8dbf-40a36ba2100c.format.aud_ptime_idx,0,string,accepted,
io,CH3 out,CH3,out,audio,RED,flows/7b7e03c2-f77f-2a88-8dbf-40a36ba2100c,flows.7b7e03c2-f77f-2a88-8dbf-40a36ba2100c.format.aud_format,dash-30,string,accepted,
io,CH3 out,CH3,out,audio,BLUE,flows/7bbfebfa-6aef-2145-862b-40a36ba2100c,flows.7bbfebfa-6aef-2145-862b-40a36ba2100c.format.aud_ptime_idx,0,string,accepted,
io,CH3 out,CH3,out,audio,BLUE,flows/7bbfebfa-6aef-2145-862b-40a36ba2100c,flows.7bbfebfa-6aef-2145-862b-40a36ba2100c.format.aud_format,dash-30,string,accepted,
io,CH3 out,CH3,out,audio,RED,flows/6dfdea3a-67ff-14af-85e4-40a36ba2100c,flows.6dfdea3a-67ff-14af-85e4-40a36ba2100c.format.aud_ptime_idx,0,string,accepted,
io,CH3 out,CH3,out,audio,RED,flows/6dfdea3a-67ff-14af-85e4-40a36ba2100c,flows.6dfdea3a-67ff-14af-85e4-40a36ba2100c.format.aud_format,dash-30,string,accepted,
io,CH3 out,CH3,out,audio,BLUE,flows/ffdd96d3-d69e-4113-abd1-40a36ba2100c,flows.ffdd96d3-d69e-4113-abd1-40a36ba2100c.format.aud_ptime_idx,0,string,accepted,
io,CH3 out,CH3,out,audio,BLUE,flows/ffdd96d3-d69e-4113-abd1-40a36ba2100c,flows.ffdd96d3-d69e-4113-abd1-40a36ba2100c.format.aud_format,dash-30,string,accepted,
io,CH4 out,CH4,out,video,RED,flows/dab60e02-fcff-4638-a8c2-40a36ba2100c,flows.dab60e02-fcff-4638-a8c2-40a36ba2100c.format.format_colorimetry,BT709,string,accepted,
io,CH4 out,CH4,out,video,RED,flows/dab60e02-fcff-4638-a8c2-40a36ba2100c,flows.dab60e02-fcff-4638-a8c2-40a36ba2100c.format.format_tcs,SDR,string,accepted,
io,CH4 out,CH4,out,video,BLUE,flows/46add1c4-e94f-1f35-8b58-40a36ba2100c,flows.46add1c4-e94f-1f35-8b58-40a36ba2100c.format.format_colorimetry,BT709,string,accepted,
io,CH4 out,CH4,out,video,BLUE,flows/46add1c4-e94f-1f35-8b58-40a36ba2100c,flows.46add1c4-e94f-1f35-8b58-40a36ba2100c.format.format_tcs,SDR,string,accepted,
io,CH4 out,CH4,out,audio,RED,flows/7c71d66c-6fff-449a-8e52-40a36ba2100c,flows.7c71d66c-6fff-449a-8e52-40a36ba2100c.format.aud_ptime_idx,0,string,accepted,
io,CH4 out,CH4,out,audio,RED,flows/7c71d66c-6fff-449a-8e52-40a36ba2100c,flows.7c71d66c-6fff-449a-8e52-40a36ba2100c.format.aud_format,dash-30,string,accepted,
io,CH4 out,CH4,out,audio,BLUE,flows/5bef3530-7bfe-4990-a75f-40a36ba2100c,flows.5bef3530-7bfe-4990-a75f-40a36ba2100c.format.aud_ptime_idx,0,string,accepted,
io,CH4 out,CH4,out,audio,BLUE,flows/5bef3530-7bfe-4990-a75f-40a36ba2100c,flows.5bef3530-7bfe-4990-a75f-40a36ba2100c.format.aud_format,dash-30,string,accepted,
io,CH4 out,CH4,out,audio,RED,flows/7feb2cef-07f3-4699-99d2-40a36ba2100c,flows.7feb2cef-07f3-4699-99d2-40a36ba2100c.format.aud_ptime_idx,0,string,accepted,
io,CH4 out,CH4,out,audio,RED,flows/7feb2cef-07f3-4699-99d2-40a36ba2100c,flows.7feb2cef-07f3-4699-99d2-40a36ba2100c.format.aud_format,dash-30,string,accepted,
io,CH4 out,CH4,out,audio,BLUE,flows/8e9fc891-7eb1-3ff6-9e58-40a36ba2100c,flows.8e9fc891-7eb1-3ff6-9e58-40a36ba2100c.format.aud_ptime_idx,0,string,accepted,
io,CH4 out,CH4,out,audio,BLUE,flows/8e9fc891-7eb1-3ff6-9e58-40a36ba2100c,flows.8e9fc891-7eb1-3ff6-9e58-40a36ba2100c.format.aud_format,dash-30,string,accepted,
io,CH4 out,CH4,out,audio,RED,flows/6bb4c505-fb9b-3d69-8735-40a36ba2100c,flows.6bb4c505-fb9b-3d69-8735-40a36ba2100c.format.aud_ptime_idx,0,string,accepted,
io,CH4 out,CH4,out,audio,RED,flows/6bb4c505-fb9b-3d69-8735-40a36ba2100c,flows.6bb4c505-fb9b-3d69-8735-40a36ba2100c.format.aud_format,dash-30,string,accepted,
io,CH4 out,CH4,out,audio,BLUE,flows/1d77af81-bef7-26a8-9001-40a36ba2100c,flows.1d77af81-bef7-26a8-9001-40a36ba2100c.format.aud_ptime_idx,0,string,accepted,
io,CH4 out,CH4,out,audio,BLUE,flows/1d77af81-bef7-26a8-9001-40a36ba2100c,flows.1d77af81-bef7-26a8-9001-40a36ba2100c.format.aud_format,dash-30,string,accepted,
io,CH4 out,CH4,out,audio,RED,flows/37bf4d25-83ea-4067-839f-40a36ba2100c,flows.37bf4d25-83ea-4067-839f-40a36ba2100c.format.aud_ptime_idx,0,string,accepted,
io,CH4 out,CH4,out,audio,RED,flows/37bf4d25-83ea-4067-839f-40a36ba2100c,flows.37bf4d25-83ea-4067-839f-40a36ba2100c.format.aud_format,dash-30,string,accepted,
io,CH4 out,CH4,out,audio,BLUE,flows/7fedd710-ffb3-47c5-989f-40a36ba2100c,flows.7fedd710-ffb3-47c5-989f-40a36ba2100c.format.aud_ptime_idx,0,string,accepted,
io,CH4 out,CH4,out,audio,BLUE,flows/7fedd710-ffb3-47c5-989f-40a36ba2100c,flows.7fedd710-ffb3-47c5-989f-40a36ba2100c.format.aud_format,dash-30,string,accepted,
io,CH5 in,CH5,in,video,RED,flows/17ce716b-7fdd-2c9b-ac83-40a36ba2100c,flows.17ce716b-7fdd-2c9b-ac83-40a36ba2100c.network.dscp,0,string,accepted,module accepts 64 (RFC 2474: 0..63)
io,CH5 in,CH5,in,video,RED,flows/17ce716b-7fdd-2c9b-ac83-40a36ba2100c,flows.17ce716b-7fdd-2c9b-ac83-40a36ba2100c.format.format_colorimetry,BT709,string,accepted,
io,CH5 in,CH5,in,video,RED,flows/17ce716b-7fdd-2c9b-ac83-40a36ba2100c,flows.17ce716b-7fdd-2c9b-ac83-40a36ba2100c.format.format_tcs,SDR,string,accepted,
io,CH5 in,CH5,in,video,BLUE,flows/c9ce2999-bfbe-1bf8-8e9a-40a36ba2100c,flows.c9ce2999-bfbe-1bf8-8e9a-40a36ba2100c.network.dscp,0,string,accepted,module accepts 64 (RFC 2474: 0..63)
io,CH5 in,CH5,in,video,BLUE,flows/c9ce2999-bfbe-1bf8-8e9a-40a36ba2100c,flows.c9ce2999-bfbe-1bf8-8e9a-40a36ba2100c.format.format_colorimetry,BT709,string,accepted,
io,CH5 in,CH5,in,video,BLUE,flows/c9ce2999-bfbe-1bf8-8e9a-40a36ba2100c,flows.c9ce2999-bfbe-1bf8-8e9a-40a36ba2100c.format.format_tcs,SDR,string,accepted,
io,CH5 in,CH5,in,audio,RED,flows/7d775931-bcdd-1cf5-96df-40a36ba2100c,flows.7d775931-bcdd-1cf5-96df-40a36ba2100c.network.dscp,0,string,accepted,module accepts 64 (RFC 2474: 0..63)
io,CH5 in,CH5,in,audio,RED,flows/7d775931-bcdd-1cf5-96df-40a36ba2100c,flows.7d775931-bcdd-1cf5-96df-40a36ba2100c.format.aud_ptime_idx,0,string,accepted,
io,CH5 in,CH5,in,audio,RED,flows/7d775931-bcdd-1cf5-96df-40a36ba2100c,flows.7d775931-bcdd-1cf5-96df-40a36ba2100c.format.aud_format,dash-30,string,accepted,
io,CH5 in,CH5,in,audio,BLUE,flows/637b79c3-7fff-353e-adeb-40a36ba2100c,flows.637b79c3-7fff-353e-adeb-40a36ba2100c.network.dscp,0,string,accepted,module accepts 64 (RFC 2474: 0..63)
io,CH5 in,CH5,in,audio,BLUE,flows/637b79c3-7fff-353e-adeb-40a36ba2100c,flows.637b79c3-7fff-353e-adeb-40a36ba2100c.format.aud_ptime_idx,0,string,accepted,
io,CH5 in,CH5,in,audio,BLUE,flows/637b79c3-7fff-353e-adeb-40a36ba2100c,flows.637b79c3-7fff-353e-adeb-40a36ba2100c.format.aud_format,dash-30,string,accepted,
io,CH5 in,CH5,in,audio,RED,flows/38c22604-5ffb-2356-8397-40a36ba2100c,flows.38c22604-5ffb-2356-8397-40a36ba2100c.network.dscp,0,string,accepted,module accepts 64 (RFC 2474: 0..63)
io,CH5 in,CH5,in,audio,RED,flows/38c22604-5ffb-2356-8397-40a36ba2100c,flows.38c22604-5ffb-2356-8397-40a36ba2100c.format.aud_ptime_idx,0,string,accepted,
io,CH5 in,CH5,in,audio,RED,flows/38c22604-5ffb-2356-8397-40a36ba2100c,flows.38c22604-5ffb-2356-8397-40a36ba2100c.format.aud_format,dash-30,string,accepted,
io,CH5 in,CH5,in,audio,BLUE,flows/f777c9b8-ffc5-262a-8958-40a36ba2100c,flows.f777c9b8-ffc5-262a-8958-40a36ba2100c.network.dscp,0,string,accepted,module accepts 64 (RFC 2474: 0..63)
io,CH5 in,CH5,in,audio,BLUE,flows/f777c9b8-ffc5-262a-8958-40a36ba2100c,flows.f777c9b8-ffc5-262a-8958-40a36ba2100c.format.aud_ptime_idx,0,string,accepted,
io,CH5 in,CH5,in,audio,BLUE,flows/f777c9b8-ffc5-262a-8958-40a36ba2100c,flows.f777c9b8-ffc5-262a-8958-40a36ba2100c.format.aud_format,dash-30,string,accepted,
io,CH5 in,CH5,in,audio,RED,flows/df778fb6-7fbe-39c8-8da7-40a36ba2100c,flows.df778fb6-7fbe-39c8-8da7-40a36ba2100c.network.dscp,0,string,accepted,module accepts 64 (RFC 2474: 0..63)
io,CH5 in,CH5,in,audio,RED,flows/df778fb6-7fbe-39c8-8da7-40a36ba2100c,flows.df778fb6-7fbe-39c8-8da7-40a36ba2100c.format.aud_ptime_idx,0,string,accepted,
io,CH5 in,CH5,in,audio,RED,flows/df778fb6-7fbe-39c8-8da7-40a36ba2100c,flows.df778fb6-7fbe-39c8-8da7-40a36ba2100c.format.aud_format,dash-30,string,accepted,
io,CH5 in,CH5,in,audio,BLUE,flows/fceda28a-7ffe-475a-aded-40a36ba2100c,flows.fceda28a-7ffe-475a-aded-40a36ba2100c.network.dscp,0,string,accepted,module accepts 64 (RFC 2474: 0..63)
io,CH5 in,CH5,in,audio,BLUE,flows/fceda28a-7ffe-475a-aded-40a36ba2100c,flows.fceda28a-7ffe-475a-aded-40a36ba2100c.format.aud_ptime_idx,0,string,accepted,
io,CH5 in,CH5,in,audio,BLUE,flows/fceda28a-7ffe-475a-aded-40a36ba2100c,flows.fceda28a-7ffe-475a-aded-40a36ba2100c.format.aud_format,dash-30,string,accepted,
io,CH5 in,CH5,in,audio,RED,flows/ffdd4795-cbb1-37da-84d6-40a36ba2100c,flows.ffdd4795-cbb1-37da-84d6-40a36ba2100c.network.dscp,0,string,accepted,module accepts 64 (RFC 2474: 0..63)
io,CH5 in,CH5,in,audio,RED,flows/ffdd4795-cbb1-37da-84d6-40a36ba2100c,flows.ffdd4795-cbb1-37da-84d6-40a36ba2100c.format.aud_ptime_idx,0,string,accepted,
io,CH5 in,CH5,in,audio,RED,flows/ffdd4795-cbb1-37da-84d6-40a36ba2100c,flows.ffdd4795-cbb1-37da-84d6-40a36ba2100c.format.aud_format,dash-30,string,accepted,
io,CH5 in,CH5,in,audio,BLUE,flows/4fff80ef-fee7-11d5-9f84-40a36ba2100c,flows.4fff80ef-fee7-11d5-9f84-40a36ba2100c.network.dscp,0,string,accepted,module accepts 64 (RFC 2474: 0..63)
io,CH5 in,CH5,in,audio,BLUE,flows/4fff80ef-fee7-11d5-9f84-40a36ba2100c,flows.4fff80ef-fee7-11d5-9f84-40a36ba2100c.format.aud_ptime_idx,0,string,accepted,
io,CH5 in,CH5,in,audio,BLUE,flows/4fff80ef-fee7-11d5-9f84-40a36ba2100c,flows.4fff80ef-fee7-11d5-9f84-40a36ba2100c.format.aud_format,dash-30,string,accepted,
io,CH5 in,CH5,in,ancillary,RED,flows/5edfa839-fffd-4a61-8ee5-40a36ba2100c,flows.5edfa839-fffd-4a61-8ee5-40a36ba2100c.network.dscp,0,string,accepted,module accepts 64 (RFC 2474: 0..63)
io,CH5 in,CH5,in,ancillary,RED,flows/5edfa839-fffd-4a61-8ee5-40a36ba2100c,flows.5edfa839-fffd-4a61-8ee5-40a36ba2100c.format.anc_flow_profile,2,string,accepted,
io,CH5 in,CH5,in,ancillary,BLUE,flows/1bda7dd6-fbfd-3d93-aeba-40a36ba2100c,flows.1bda7dd6-fbfd-3d93-aeba-40a36ba2100c.network.dscp,0,string,accepted,module accepts 64 (RFC 2474: 0..63)
io,CH5 in,CH5,in,ancillary,BLUE,flows/1bda7dd6-fbfd-3d93-aeba-40a36ba2100c,flows.1bda7dd6-fbfd-3d93-aeba-40a36ba2100c.format.anc_flow_profile,2,string,accepted,
io,CH6 out,CH6,out,video,RED,flows/76ff49e4-653b-2ae9-81cb-40a36ba2100c,flows.76ff49e4-653b-2ae9-81cb-40a36ba2100c.format.format_colorimetry,BT709,string,accepted,
io,CH6 out,CH6,out,video,RED,flows/76ff49e4-653b-2ae9-81cb-40a36ba2100c,flows.76ff49e4-653b-2ae9-81cb-40a36ba2100c.format.format_tcs,SDR,string,accepted,
io,CH6 out,CH6,out,video,BLUE,flows/2f1f9167-6f7b-43b3-a43b-40a36ba2100c,flows.2f1f9167-6f7b-43b3-a43b-40a36ba2100c.format.format_colorimetry,BT709,string,accepted,
io,CH6 out,CH6,out,video,BLUE,flows/2f1f9167-6f7b-43b3-a43b-40a36ba2100c,flows.2f1f9167-6f7b-43b3-a43b-40a36ba2100c.format.format_tcs,SDR,string,accepted,
io,CH6 out,CH6,out,audio,RED,flows/3f7afc73-eb7d-3777-a0ec-40a36ba2100c,flows.3f7afc73-eb7d-3777-a0ec-40a36ba2100c.format.aud_ptime_idx,0,string,accepted,
io,CH6 out,CH6,out,audio,RED,flows/3f7afc73-eb7d-3777-a0ec-40a36ba2100c,flows.3f7afc73-eb7d-3777-a0ec-40a36ba2100c.format.aud_format,dash-30,string,accepted,
io,CH6 out,CH6,out,audio,BLUE,flows/7da317a2-a7df-2c96-839d-40a36ba2100c,flows.7da317a2-a7df-2c96-839d-40a36ba2100c.format.aud_ptime_idx,0,string,accepted,
io,CH6 out,CH6,out,audio,BLUE,flows/7da317a2-a7df-2c96-839d-40a36ba2100c,flows.7da317a2-a7df-2c96-839d-40a36ba2100c.format.aud_format,dash-30,string,accepted,
io,CH6 out,CH6,out,audio,RED,flows/7efd3487-5fdf-3d10-84ad-40a36ba2100c,flows.7efd3487-5fdf-3d10-84ad-40a36ba2100c.format.aud_ptime_idx,0,string,accepted,
io,CH6 out,CH6,out,audio,RED,flows/7efd3487-5fdf-3d10-84ad-40a36ba2100c,flows.7efd3487-5fdf-3d10-84ad-40a36ba2100c.format.aud_format,dash-30,string,accepted,
io,CH6 out,CH6,out,audio,BLUE,flows/f2fa0515-ffd7-4ff6-ac4f-40a36ba2100c,flows.f2fa0515-ffd7-4ff6-ac4f-40a36ba2100c.format.aud_ptime_idx,0,string,accepted,
io,CH6 out,CH6,out,audio,BLUE,flows/f2fa0515-ffd7-4ff6-ac4f-40a36ba2100c,flows.f2fa0515-ffd7-4ff6-ac4f-40a36ba2100c.format.aud_format,dash-30,string,accepted,
io,CH6 out,CH6,out,audio,RED,flows/3d730dd7-fef4-3cac-a851-40a36ba2100c,flows.3d730dd7-fef4-3cac-a851-40a36ba2100c.format.aud_ptime_idx,0,string,accepted,
io,CH6 out,CH6,out,audio,RED,flows/3d730dd7-fef4-3cac-a851-40a36ba2100c,flows.3d730dd7-fef4-3cac-a851-40a36ba2100c.format.aud_format,dash-30,string,accepted,
io,CH6 out,CH6,out,audio,BLUE,flows/3c963a9c-fdee-308d-a176-40a36ba2100c,flows.3c963a9c-fdee-308d-a176-40a36ba2100c.format.aud_ptime_idx,0,string,accepted,
io,CH6 out,CH6,out,audio,BLUE,flows/3c963a9c-fdee-308d-a176-40a36ba2100c,flows.3c963a9c-fdee-308d-a176-40a36ba2100c.format.aud_format,dash-30,string,accepted,
io,CH6 out,CH6,out,audio,RED,flows/335e683d-df3f-33d2-9eac-40a36ba2100c,flows.335e683d-df3f-33d2-9eac-40a36ba2100c.format.aud_ptime_idx,0,string,accepted,
io,CH6 out,CH6,out,audio,RED,flows/335e683d-df3f-33d2-9eac-40a36ba2100c,flows.335e683d-df3f-33d2-9eac-40a36ba2100c.format.aud_format,dash-30,string,accepted,
io,CH6 out,CH6,out,audio,BLUE,flows/bbfc7914-7b77-49bc-8c7a-40a36ba2100c,flows.bbfc7914-7b77-49bc-8c7a-40a36ba2100c.format.aud_ptime_idx,0,string,accepted,
io,CH6 out,CH6,out,audio,BLUE,flows/bbfc7914-7b77-49bc-8c7a-40a36ba2100c,flows.bbfc7914-7b77-49bc-8c7a-40a36ba2100c.format.aud_format,dash-30,string,accepted,
io,CH7 in,CH7,in,video,RED,flows/6fbf2b5d-fffb-3539-a848-40a36ba2100c,flows.6fbf2b5d-fffb-3539-a848-40a36ba2100c.network.dscp,0,string,accepted,module accepts 64 (RFC 2474: 0..63)
io,CH7 in,CH7,in,video,RED,flows/6fbf2b5d-fffb-3539-a848-40a36ba2100c,flows.6fbf2b5d-fffb-3539-a848-40a36ba2100c.format.format_colorimetry,BT709,string,accepted,
io,CH7 in,CH7,in,video,RED,flows/6fbf2b5d-fffb-3539-a848-40a36ba2100c,flows.6fbf2b5d-fffb-3539-a848-40a36ba2100c.format.format_tcs,SDR,string,accepted,
io,CH7 in,CH7,in,video,BLUE,flows/ff67bfec-930f-3acf-82c0-40a36ba2100c,flows.ff67bfec-930f-3acf-82c0-40a36ba2100c.network.dscp,0,string,accepted,module accepts 64 (RFC 2474: 0..63)
io,CH7 in,CH7,in,video,BLUE,flows/ff67bfec-930f-3acf-82c0-40a36ba2100c,flows.ff67bfec-930f-3acf-82c0-40a36ba2100c.format.format_colorimetry,BT709,string,accepted,
io,CH7 in,CH7,in,video,BLUE,flows/ff67bfec-930f-3acf-82c0-40a36ba2100c,flows.ff67bfec-930f-3acf-82c0-40a36ba2100c.format.format_tcs,SDR,string,accepted,
io,CH7 in,CH7,in,audio,RED,flows/f67f0627-e9df-1a25-84c2-40a36ba2100c,flows.f67f0627-e9df-1a25-84c2-40a36ba2100c.network.dscp,0,string,accepted,module accepts 64 (RFC 2474: 0..63)
io,CH7 in,CH7,in,audio,RED,flows/f67f0627-e9df-1a25-84c2-40a36ba2100c,flows.f67f0627-e9df-1a25-84c2-40a36ba2100c.format.aud_ptime_idx,0,string,accepted,
io,CH7 in,CH7,in,audio,RED,flows/f67f0627-e9df-1a25-84c2-40a36ba2100c,flows.f67f0627-e9df-1a25-84c2-40a36ba2100c.format.aud_format,dash-30,string,accepted,
io,CH7 in,CH7,in,audio,BLUE,flows/b535487d-faf9-267c-9316-40a36ba2100c,flows.b535487d-faf9-267c-9316-40a36ba2100c.network.dscp,0,string,accepted,module accepts 64 (RFC 2474: 0..63)
io,CH7 in,CH7,in,audio,BLUE,flows/b535487d-faf9-267c-9316-40a36ba2100c,flows.b535487d-faf9-267c-9316-40a36ba2100c.format.aud_ptime_idx,0,string,accepted,
io,CH7 in,CH7,in,audio,BLUE,flows/b535487d-faf9-267c-9316-40a36ba2100c,flows.b535487d-faf9-267c-9316-40a36ba2100c.format.aud_format,dash-30,string,accepted,
io,CH7 in,CH7,in,audio,RED,flows/6ecf8d4d-3fbf-3239-86b3-40a36ba2100c,flows.6ecf8d4d-3fbf-3239-86b3-40a36ba2100c.network.dscp,0,string,accepted,module accepts 64 (RFC 2474: 0..63)
io,CH7 in,CH7,in,audio,RED,flows/6ecf8d4d-3fbf-3239-86b3-40a36ba2100c,flows.6ecf8d4d-3fbf-3239-86b3-40a36ba2100c.format.aud_ptime_idx,0,string,accepted,
io,CH7 in,CH7,in,audio,RED,flows/6ecf8d4d-3fbf-3239-86b3-40a36ba2100c,flows.6ecf8d4d-3fbf-3239-86b3-40a36ba2100c.format.aud_format,dash-30,string,accepted,
io,CH7 in,CH7,in,audio,BLUE,flows/4fa39788-fc17-2893-92d4-40a36ba2100c,flows.4fa39788-fc17-2893-92d4-40a36ba2100c.network.dscp,0,string,accepted,module accepts 64 (RFC 2474: 0..63)
io,CH7 in,CH7,in,audio,BLUE,flows/4fa39788-fc17-2893-92d4-40a36ba2100c,flows.4fa39788-fc17-2893-92d4-40a36ba2100c.format.aud_ptime_idx,0,string,accepted,
io,CH7 in,CH7,in,audio,BLUE,flows/4fa39788-fc17-2893-92d4-40a36ba2100c,flows.4fa39788-fc17-2893-92d4-40a36ba2100c.format.aud_format,dash-30,string,accepted,
io,CH7 in,CH7,in,audio,RED,flows/3b7be7d4-5b79-453a-998e-40a36ba2100c,flows.3b7be7d4-5b79-453a-998e-40a36ba2100c.network.dscp,0,string,accepted,module accepts 64 (RFC 2474: 0..63)
io,CH7 in,CH7,in,audio,RED,flows/3b7be7d4-5b79-453a-998e-40a36ba2100c,flows.3b7be7d4-5b79-453a-998e-40a36ba2100c.format.aud_ptime_idx,0,string,accepted,
io,CH7 in,CH7,in,audio,RED,flows/3b7be7d4-5b79-453a-998e-40a36ba2100c,flows.3b7be7d4-5b79-453a-998e-40a36ba2100c.format.aud_format,dash-30,string,accepted,
io,CH7 in,CH7,in,audio,BLUE,flows/6baf596c-1f5c-2af8-a428-40a36ba2100c,flows.6baf596c-1f5c-2af8-a428-40a36ba2100c.network.dscp,0,string,accepted,module accepts 64 (RFC 2474: 0..63)
io,CH7 in,CH7,in,audio,BLUE,flows/6baf596c-1f5c-2af8-a428-40a36ba2100c,flows.6baf596c-1f5c-2af8-a428-40a36ba2100c.format.aud_ptime_idx,0,string,accepted,
io,CH7 in,CH7,in,audio,BLUE,flows/6baf596c-1f5c-2af8-a428-40a36ba2100c,flows.6baf596c-1f5c-2af8-a428-40a36ba2100c.format.aud_format,dash-30,string,accepted,
io,CH7 in,CH7,in,audio,RED,flows/786c9dcb-7763-143b-984f-40a36ba2100c,flows.786c9dcb-7763-143b-984f-40a36ba2100c.network.dscp,0,string,accepted,module accepts 64 (RFC 2474: 0..63)
io,CH7 in,CH7,in,audio,RED,flows/786c9dcb-7763-143b-984f-40a36ba2100c,flows.786c9dcb-7763-143b-984f-40a36ba2100c.format.aud_ptime_idx,0,string,accepted,
io,CH7 in,CH7,in,audio,RED,flows/786c9dcb-7763-143b-984f-40a36ba2100c,flows.786c9dcb-7763-143b-984f-40a36ba2100c.format.aud_format,dash-30,string,accepted,
io,CH7 in,CH7,in,audio,BLUE,flows/fee88f23-ff4b-1c26-8a2f-40a36ba2100c,flows.fee88f23-ff4b-1c26-8a2f-40a36ba2100c.network.dscp,0,string,accepted,module accepts 64 (RFC 2474: 0..63)
io,CH7 in,CH7,in,audio,BLUE,flows/fee88f23-ff4b-1c26-8a2f-40a36ba2100c,flows.fee88f23-ff4b-1c26-8a2f-40a36ba2100c.format.aud_ptime_idx,0,string,accepted,
io,CH7 in,CH7,in,audio,BLUE,flows/fee88f23-ff4b-1c26-8a2f-40a36ba2100c,flows.fee88f23-ff4b-1c26-8a2f-40a36ba2100c.format.aud_format,dash-30,string,accepted,
io,CH7 in,CH7,in,ancillary,RED,flows/75ff759f-be7f-1adf-a434-40a36ba2100c,flows.75ff759f-be7f-1adf-a434-40a36ba2100c.network.dscp,0,string,accepted,module accepts 64 (RFC 2474: 0..63)
io,CH7 in,CH7,in,ancillary,RED,flows/75ff759f-be7f-1adf-a434-40a36ba2100c,flows.75ff759f-be7f-1adf-a434-40a36ba2100c.format.anc_flow_profile,2,string,accepted,
io,CH7 in,CH7,in,ancillary,BLUE,flows/f26e9450-d7f5-2731-a46e-40a36ba2100c,flows.f26e9450-d7f5-2731-a46e-40a36ba2100c.network.dscp,0,string,accepted,module accepts 64 (RFC 2474: 0..63)
io,CH7 in,CH7,in,ancillary,BLUE,flows/f26e9450-d7f5-2731-a46e-40a36ba2100c,flows.f26e9450-d7f5-2731-a46e-40a36ba2100c.format.anc_flow_profile,2,string,accepted,
io,CH8 out,CH8,out,video,RED,flows/79bf3844-7ff7-26ba-ad2b-40a36ba2100c,flows.79bf3844-7ff7-26ba-ad2b-40a36ba2100c.format.format_colorimetry,BT2020,string,accepted,
io,CH8 out,CH8,out,video,RED,flows/79bf3844-7ff7-26ba-ad2b-40a36ba2100c,flows.79bf3844-7ff7-26ba-ad2b-40a36ba2100c.format.format_tcs,SDR,string,accepted,
io,CH8 out,CH8,out,video,BLUE,flows/7de7819e-1fef-3668-ad3c-40a36ba2100c,flows.7de7819e-1fef-3668-ad3c-40a36ba2100c.format.format_colorimetry,BT2020,string,accepted,
io,CH8 out,CH8,out,video,BLUE,flows/7de7819e-1fef-3668-ad3c-40a36ba2100c,flows.7de7819e-1fef-3668-ad3c-40a36ba2100c.format.format_tcs,SDR,string,accepted,
io,CH8 out,CH8,out,audio,RED,flows/27ff6a70-ef5f-2350-ab48-40a36ba2100c,flows.27ff6a70-ef5f-2350-ab48-40a36ba2100c.format.aud_ptime_idx,1,string,accepted,
io,CH8 out,CH8,out,audio,RED,flows/27ff6a70-ef5f-2350-ab48-40a36ba2100c,flows.27ff6a70-ef5f-2350-ab48-40a36ba2100c.format.aud_format,dash-30,string,accepted,
io,CH8 out,CH8,out,audio,BLUE,flows/dfde3ea5-beda-141b-abe9-40a36ba2100c,flows.dfde3ea5-beda-141b-abe9-40a36ba2100c.format.aud_ptime_idx,1,string,accepted,
io,CH8 out,CH8,out,audio,BLUE,flows/dfde3ea5-beda-141b-abe9-40a36ba2100c,flows.dfde3ea5-beda-141b-abe9-40a36ba2100c.format.aud_format,dash-30,string,accepted,
io,CH8 out,CH8,out,audio,RED,flows/7fbdf8ec-f3fe-4be8-a625-40a36ba2100c,flows.7fbdf8ec-f3fe-4be8-a625-40a36ba2100c.format.aud_ptime_idx,1,string,accepted,
io,CH8 out,CH8,out,audio,RED,flows/7fbdf8ec-f3fe-4be8-a625-40a36ba2100c,flows.7fbdf8ec-f3fe-4be8-a625-40a36ba2100c.format.aud_format,dash-30,string,accepted,
io,CH8 out,CH8,out,audio,BLUE,flows/fabfe4c6-5efd-34a6-804e-40a36ba2100c,flows.fabfe4c6-5efd-34a6-804e-40a36ba2100c.format.aud_ptime_idx,1,string,accepted,
io,CH8 out,CH8,out,audio,BLUE,flows/fabfe4c6-5efd-34a6-804e-40a36ba2100c,flows.fabfe4c6-5efd-34a6-804e-40a36ba2100c.format.aud_format,dash-30,string,accepted,
io,CH8 out,CH8,out,audio,RED,flows/ffe5e2ed-f9f7-4a44-ad78-40a36ba2100c,flows.ffe5e2ed-f9f7-4a44-ad78-40a36ba2100c.format.aud_ptime_idx,0,string,accepted,
io,CH8 out,CH8,out,audio,RED,flows/ffe5e2ed-f9f7-4a44-ad78-40a36ba2100c,flows.ffe5e2ed-f9f7-4a44-ad78-40a36ba2100c.format.aud_format,dash-30,string,accepted,
io,CH8 out,CH8,out,audio,BLUE,flows/7fffee94-716f-36f1-8a47-40a36ba2100c,flows.7fffee94-716f-36f1-8a47-40a36ba2100c.format.aud_ptime_idx,0,string,accepted,
io,CH8 out,CH8,out,audio,BLUE,flows/7fffee94-716f-36f1-8a47-40a36ba2100c,flows.7fffee94-716f-36f1-8a47-40a36ba2100c.format.aud_format,dash-30,string,accepted,
io,CH8 out,CH8,out,audio,RED,flows/7ff7bdc5-77fd-11df-a3ad-40a36ba2100c,flows.7ff7bdc5-77fd-11df-a3ad-40a36ba2100c.format.aud_ptime_idx,0,string,accepted,
io,CH8 out,CH8,out,audio,RED,flows/7ff7bdc5-77fd-11df-a3ad-40a36ba2100c,flows.7ff7bdc5-77fd-11df-a3ad-40a36ba2100c.format.aud_format,dash-30,string,accepted,
io,CH8 out,CH8,out,audio,BLUE,flows/1eceadfb-dddf-241a-9676-40a36ba2100c,flows.1eceadfb-dddf-241a-9676-40a36ba2100c.format.aud_ptime_idx,0,string,accepted,
io,CH8 out,CH8,out,audio,BLUE,flows/1eceadfb-dddf-241a-9676-40a36ba2100c,flows.1eceadfb-dddf-241a-9676-40a36ba2100c.format.aud_format,dash-30,string,accepted,
fusion,sdi,,,,,sdi,sdi.configuration.operating_bit_rate,integer,string,untested,
io,CH1 out sdi_output,CH1,out,,,sdi_output/b0d2da17-360a-4396-80a9-f620c4bb3885,sdi_output.b0d2da17-360a-4396-80a9-f620c4bb3885.line_offset.offset_mode,1,string,accepted,
io,CH1 out sdi_output,CH1,out,,,sdi_output/b0d2da17-360a-4396-80a9-f620c4bb3885,sdi_output.b0d2da17-360a-4396-80a9-f620c4bb3885.line_offset.usec_offset,0,string,accepted,
io,CH1 out sdi_output,CH1,out,,,sdi_output/b0d2da17-360a-4396-80a9-f620c4bb3885,sdi_output.b0d2da17-360a-4396-80a9-f620c4bb3885.line_offset.v_offset,0,string,accepted,
io,CH1 out sdi_output,CH1,out,,,sdi_output/b0d2da17-360a-4396-80a9-f620c4bb3885,sdi_output.b0d2da17-360a-4396-80a9-f620c4bb3885.line_offset.h_offset,0,string,accepted,
io,CH1 out sdi_output,CH1,out,,,sdi_output/b0d2da17-360a-4396-80a9-f620c4bb3885,sdi_output.b0d2da17-360a-4396-80a9-f620c4bb3885.line_offset.frame_buffer,1,string,accepted,
io,CH1 out sdi_output,CH1,out,,,sdi_output/b0d2da17-360a-4396-80a9-f620c4bb3885,sdi_output.b0d2da17-360a-4396-80a9-f620c4bb3885.input_signal_output_mode.loss_of_input,blue,string,accepted,
io,CH1 out sdi_output,CH1,out,,,sdi_output/b0d2da17-360a-4396-80a9-f620c4bb3885,sdi_output.b0d2da17-360a-4396-80a9-f620c4bb3885.vpid.source,regenerated,string,accepted,
io,CH2 out sdi_output,CH2,out,,,sdi_output/b1d2da17-360a-4396-80a9-f620c4bb3885,sdi_output.b1d2da17-360a-4396-80a9-f620c4bb3885.line_offset.offset_mode,1,string,accepted,
io,CH2 out sdi_output,CH2,out,,,sdi_output/b1d2da17-360a-4396-80a9-f620c4bb3885,sdi_output.b1d2da17-360a-4396-80a9-f620c4bb3885.line_offset.usec_offset,0,string,accepted,
io,CH2 out sdi_output,CH2,out,,,sdi_output/b1d2da17-360a-4396-80a9-f620c4bb3885,sdi_output.b1d2da17-360a-4396-80a9-f620c4bb3885.line_offset.v_offset,0,string,accepted,
io,CH2 out sdi_output,CH2,out,,,sdi_output/b1d2da17-360a-4396-80a9-f620c4bb3885,sdi_output.b1d2da17-360a-4396-80a9-f620c4bb3885.line_offset.h_offset,0,string,accepted,
io,CH2 out sdi_output,CH2,out,,,sdi_output/b1d2da17-360a-4396-80a9-f620c4bb3885,sdi_output.b1d2da17-360a-4396-80a9-f620c4bb3885.line_offset.frame_buffer,1,string,accepted,
io,CH2 out sdi_output,CH2,out,,,sdi_output/b1d2da17-360a-4396-80a9-f620c4bb3885,sdi_output.b1d2da17-360a-4396-80a9-f620c4bb3885.input_signal_output_mode.loss_of_input,blue,string,accepted,
io,CH2 out sdi_output,CH2,out,,,sdi_output/b1d2da17-360a-4396-80a9-f620c4bb3885,sdi_output.b1d2da17-360a-4396-80a9-f620c4bb3885.vpid.source,regenerated,string,accepted,
io,CH3 out sdi_output,CH3,out,,,sdi_output/b2d2da17-360a-4396-80a9-f620c4bb3885,sdi_output.b2d2da17-360a-4396-80a9-f620c4bb3885.line_offset.offset_mode,1,string,accepted,
io,CH3 out sdi_output,CH3,out,,,sdi_output/b2d2da17-360a-4396-80a9-f620c4bb3885,sdi_output.b2d2da17-360a-4396-80a9-f620c4bb3885.line_offset.usec_offset,0,string,accepted,
io,CH3 out sdi_output,CH3,out,,,sdi_output/b2d2da17-360a-4396-80a9-f620c4bb3885,sdi_output.b2d2da17-360a-4396-80a9-f620c4bb3885.line_offset.v_offset,0,string,accepted,
io,CH3 out sdi_output,CH3,out,,,sdi_output/b2d2da17-360a-4396-80a9-f620c4bb3885,sdi_output.b2d2da17-360a-4396-80a9-f620c4bb3885.line_offset.h_offset,0,string,accepted,
io,CH3 out sdi_output,CH3,out,,,sdi_output/b2d2da17-360a-4396-80a9-f620c4bb3885,sdi_output.b2d2da17-360a-4396-80a9-f620c4bb3885.line_offset.frame_buffer,1,string,accepted,
io,CH3 out sdi_output,CH3,out,,,sdi_output/b2d2da17-360a-4396-80a9-f620c4bb3885,sdi_output.b2d2da17-360a-4396-80a9-f620c4bb3885.input_signal_output_mode.loss_of_input,blue,string,accepted,
io,CH3 out sdi_output,CH3,out,,,sdi_output/b2d2da17-360a-4396-80a9-f620c4bb3885,sdi_output.b2d2da17-360a-4396-80a9-f620c4bb3885.vpid.source,regenerated,string,accepted,
io,CH4 out sdi_output,CH4,out,,,sdi_output/b3d2da17-360a-4396-80a9-f620c4bb3885,sdi_output.b3d2da17-360a-4396-80a9-f620c4bb3885.line_offset.offset_mode,1,string,accepted,
io,CH4 out sdi_output,CH4,out,,,sdi_output/b3d2da17-360a-4396-80a9-f620c4bb3885,sdi_output.b3d2da17-360a-4396-80a9-f620c4bb3885.line_offset.usec_offset,0,string,accepted,
io,CH4 out sdi_output,CH4,out,,,sdi_output/b3d2da17-360a-4396-80a9-f620c4bb3885,sdi_output.b3d2da17-360a-4396-80a9-f620c4bb3885.line_offset.v_offset,0,string,accepted,
io,CH4 out sdi_output,CH4,out,,,sdi_output/b3d2da17-360a-4396-80a9-f620c4bb3885,sdi_output.b3d2da17-360a-4396-80a9-f620c4bb3885.line_offset.h_offset,0,string,accepted,
io,CH4 out sdi_output,CH4,out,,,sdi_output/b3d2da17-360a-4396-80a9-f620c4bb3885,sdi_output.b3d2da17-360a-4396-80a9-f620c4bb3885.line_offset.frame_buffer,1,string,accepted,
io,CH4 out sdi_output,CH4,out,,,sdi_output/b3d2da17-360a-4396-80a9-f620c4bb3885,sdi_output.b3d2da17-360a-4396-80a9-f620c4bb3885.input_signal_output_mode.loss_of_input,blue,string,accepted,
io,CH4 out sdi_output,CH4,out,,,sdi_output/b3d2da17-360a-4396-80a9-f620c4bb3885,sdi_output.b3d2da17-360a-4396-80a9-f620c4bb3885.vpid.source,regenerated,string,accepted,
io,CH6 out sdi_output,CH6,out,,,sdi_output/b5d2da17-360a-4396-80a9-f620c4bb3885,sdi_output.b5d2da17-360a-4396-80a9-f620c4bb3885.line_offset.offset_mode,1,string,accepted,
io,CH6 out sdi_output,CH6,out,,,sdi_output/b5d2da17-360a-4396-80a9-f620c4bb3885,sdi_output.b5d2da17-360a-4396-80a9-f620c4bb3885.line_offset.usec_offset,0,string,accepted,
io,CH6 out sdi_output,CH6,out,,,sdi_output/b5d2da17-360a-4396-80a9-f620c4bb3885,sdi_output.b5d2da17-360a-4396-80a9-f620c4bb3885.line_offset.v_offset,0,string,accepted,
io,CH6 out sdi_output,CH6,out,,,sdi_output/b5d2da17-360a-4396-80a9-f620c4bb3885,sdi_output.b5d2da17-360a-4396-80a9-f620c4bb3885.line_offset.h_offset,0,string,accepted,
io,CH6 out sdi_output,CH6,out,,,sdi_output/b5d2da17-360a-4396-80a9-f620c4bb3885,sdi_output.b5d2da17-360a-4396-80a9-f620c4bb3885.line_offset.frame_buffer,1,string,accepted,
io,CH6 out sdi_output,CH6,out,,,sdi_output/b5d2da17-360a-4396-80a9-f620c4bb3885,sdi_output.b5d2da17-360a-4396-80a9-f620c4bb3885.input_signal_output_mode.loss_of_input,blue,string,accepted,
io,CH6 out sdi_output,CH6,out,,,sdi_output/b5d2da17-360a-4396-80a9-f620c4bb3885,sdi_output.b5d2da17-360a-4396-80a9-f620c4bb3885.vpid.source,regenerated,string,accepted,
io,CH8 out sdi_output,CH8,out,,,sdi_output/b7d2da17-360a-4396-80a9-f620c4bb3885,sdi_output.b7d2da17-360a-4396-80a9-f620c4bb3885.line_offset.offset_mode,1,string,accepted,
io,CH8 out sdi_output,CH8,out,,,sdi_output/b7d2da17-360a-4396-80a9-f620c4bb3885,sdi_output.b7d2da17-360a-4396-80a9-f620c4bb3885.line_offset.usec_offset,0,string,accepted,
io,CH8 out sdi_output,CH8,out,,,sdi_output/b7d2da17-360a-4396-80a9-f620c4bb3885,sdi_output.b7d2da17-360a-4396-80a9-f620c4bb3885.line_offset.v_offset,0,string,accepted,
io,CH8 out sdi_output,CH8,out,,,sdi_output/b7d2da17-360a-4396-80a9-f620c4bb3885,sdi_output.b7d2da17-360a-4396-80a9-f620c4bb3885.line_offset.h_offset,0,string,accepted,
io,CH8 out sdi_output,CH8,out,,,sdi_output/b7d2da17-360a-4396-80a9-f620c4bb3885,sdi_output.b7d2da17-360a-4396-80a9-f620c4bb3885.line_offset.frame_buffer,1,string,accepted,
io,CH8 out sdi_output,CH8,out,,,sdi_output/b7d2da17-360a-4396-80a9-f620c4bb3885,sdi_output.b7d2da17-360a-4396-80a9-f620c4bb3885.input_signal_output_mode.loss_of_input,blue,string,accepted,
io,CH8 out sdi_output,CH8,out,,,sdi_output/b7d2da17-360a-4396-80a9-f620c4bb3885,sdi_output.b7d2da17-360a-4396-80a9-f620c4bb3885.vpid.source,regenerated,string,accepted,
io,CH5 in sdi_input,CH5,in,,,sdi_input/b4d2da17-360a-4396-80a9-f620c4bb3885,sdi_input.b4d2da17-360a-4396-80a9-f620c4bb3885.line_offset.frame_sync,0,string,accepted,402 when frame_sync is unlicensed
io,CH5 in sdi_input,CH5,in,,,sdi_input/b4d2da17-360a-4396-80a9-f620c4bb3885,sdi_input.b4d2da17-360a-4396-80a9-f620c4bb3885.line_offset.offset_mode,1,string,accepted,
io,CH5 in sdi_input,CH5,in,,,sdi_input/b4d2da17-360a-4396-80a9-f620c4bb3885,sdi_input.b4d2da17-360a-4396-80a9-f620c4bb3885.line_offset.usec_offset,0,string,accepted,
io,CH5 in sdi_input,CH5,in,,,sdi_input/b4d2da17-360a-4396-80a9-f620c4bb3885,sdi_input.b4d2da17-360a-4396-80a9-f620c4bb3885.line_offset.v_offset,0,string,accepted,
io,CH5 in sdi_input,CH5,in,,,sdi_input/b4d2da17-360a-4396-80a9-f620c4bb3885,sdi_input.b4d2da17-360a-4396-80a9-f620c4bb3885.line_offset.h_offset,0,string,accepted,
io,CH5 in sdi_input,CH5,in,,,sdi_input/b4d2da17-360a-4396-80a9-f620c4bb3885,sdi_input.b4d2da17-360a-4396-80a9-f620c4bb3885.frame_sync_audio.sdi_in_genlock,freerun,string,accepted,
io,CH7 in sdi_input,CH7,in,,,sdi_input/b6d2da17-360a-4396-80a9-f620c4bb3885,sdi_input.b6d2da17-360a-4396-80a9-f620c4bb3885.line_offset.frame_sync,0,string,accepted,402 when frame_sync is unlicensed
io,CH7 in sdi_input,CH7,in,,,sdi_input/b6d2da17-360a-4396-80a9-f620c4bb3885,sdi_input.b6d2da17-360a-4396-80a9-f620c4bb3885.line_offset.offset_mode,1,string,accepted,
io,CH7 in sdi_input,CH7,in,,,sdi_input/b6d2da17-360a-4396-80a9-f620c4bb3885,sdi_input.b6d2da17-360a-4396-80a9-f620c4bb3885.line_offset.usec_offset,0,string,accepted,
io,CH7 in sdi_input,CH7,in,,,sdi_input/b6d2da17-360a-4396-80a9-f620c4bb3885,sdi_input.b6d2da17-360a-4396-80a9-f620c4bb3885.line_offset.v_offset,0,string,accepted,
io,CH7 in sdi_input,CH7,in,,,sdi_input/b6d2da17-360a-4396-80a9-f620c4bb3885,sdi_input.b6d2da17-360a-4396-80a9-f620c4bb3885.line_offset.h_offset,0,string,accepted,
io,CH7 in sdi_input,CH7,in,,,sdi_input/b6d2da17-360a-4396-80a9-f620c4bb3885,sdi_input.b6d2da17-360a-4396-80a9-f620c4bb3885.frame_sync_audio.sdi_in_genlock,freerun,string,accepted,
io,CH1 out clean_switch,CH1,out,,,clean_switch/fb3e708e-ef8e-43e6-8dfb-40a36ba2100c,clean_switch.fb3e708e-ef8e-43e6-8dfb-40a36ba2100c.clean_switch.igmp_setup_delay,300,string,untested,
io,CH2 out clean_switch,CH2,out,,,clean_switch/6db829e3-dde7-43fc-83df-40a36ba2100c,clean_switch.6db829e3-dde7-43fc-83df-40a36ba2100c.clean_switch.igmp_setup_delay,300,string,untested,
io,CH3 out clean_switch,CH3,out,,,clean_switch/77ff2b49-776f-1127-9603-40a36ba2100c,clean_switch.77ff2b49-776f-1127-9603-40a36ba2100c.clean_switch.igmp_setup_delay,300,string,untested,
io,CH4 out clean_switch,CH4,out,,,clean_switch/76f5394c-5f7d-27bb-aad0-40a36ba2100c,clean_switch.76f5394c-5f7d-27bb-aad0-40a36ba2100c.clean_switch.igmp_setup_delay,300,string,untested,
io,CH6 out clean_switch,CH6,out,,,clean_switch/77fa793e-7dfa-16f9-8f9a-40a36ba2100c,clean_switch.77fa793e-7dfa-16f9-8f9a-40a36ba2100c.clean_switch.igmp_setup_delay,300,string,untested,
io,CH8 out clean_switch,CH8,out,,,clean_switch/3bedc49d-7f6f-2910-89ff-40a36ba2100c,clean_switch.3bedc49d-7f6f-2910-89ff-40a36ba2100c.clean_switch.igmp_setup_delay,300,string,untested,
fusion,PTP,,,,,refclk,refclk.manual_ctrl,0,string,accepted,
fusion,PTP RED live 1,,,,,refclk/f2807dac-985d-11e5-8994-feff819cdc9f,refclk.f2807dac-985d-11e5-8994-feff819cdc9f.domain_num,77,string,accepted,
fusion,PTP RED live 1,,,,,refclk/f2807dac-985d-11e5-8994-feff819cdc9f,refclk.f2807dac-985d-11e5-8994-feff819cdc9f.vlan_id,0,string,accepted,
fusion,PTP RED live 1,,,,,refclk/f2807dac-985d-11e5-8994-feff819cdc9f,refclk.f2807dac-985d-11e5-8994-feff819cdc9f.dscp,46,string,accepted,
fusion,PTP RED live 1,,,,,refclk/f2807dac-985d-11e5-8994-feff819cdc9f,refclk.f2807dac-985d-11e5-8994-feff819cdc9f.grandmaster_id,e8-ea-6a-ff-fe-09-bb-9e,string,accepted,
fusion,PTP BLUE live 2,,,,,refclk/f3807dac-985d-11e5-8994-feff819cdc9f,refclk.f3807dac-985d-11e5-8994-feff819cdc9f.domain_num,77,string,accepted,
fusion,PTP BLUE live 2,,,,,refclk/f3807dac-985d-11e5-8994-feff819cdc9f,refclk.f3807dac-985d-11e5-8994-feff819cdc9f.vlan_id,0,string,accepted,
fusion,PTP BLUE live 2,,,,,refclk/f3807dac-985d-11e5-8994-feff819cdc9f,refclk.f3807dac-985d-11e5-8994-feff819cdc9f.dscp,46,string,accepted,
fusion,PTP BLUE live 2,,,,,refclk/f3807dac-985d-11e5-8994-feff819cdc9f,refclk.f3807dac-985d-11e5-8994-feff819cdc9f.grandmaster_id,94-8e-d3-ff-ff-06-18-b1,string,accepted,
fusion,lldp,,,,,lldp,lldp.configuration.rate,45,string,untested,
fusion,lldp,,,,,lldp,lldp.configuration.enable_rx,1,string,untested,
fusion,lldp,,,,,lldp,lldp.neighbor.0.port,Ethernet20/1,string,untested,
fusion,lldp,,,,,lldp,lldp.neighbor.1.port,Ethernet32/1,string,untested,
fusion,lldp,,,,,lldp,lldp.neighbor.2.port,,string,untested,
fusion,telemetry,,,,,telemetry/node,telemetry.node.health.fan_speed,5023,number,untested,
fusion,telemetry,,,,,telemetry/node,telemetry.node.refclk.grandmaster_id,e8-ea-6a-ff-fe-09-bb-9e,string,untested,
fusion,telemetry,,,,,telemetry/ports,telemetry.ports.ports.0.port,1,number,untested,
fusion,telemetry,,,,,telemetry/ports,telemetry.ports.ports.1.port,2,number,untested,
fusion,telemetry,,,,,telemetry/ports,telemetry.ports.ports.2.port,3,number,untested,
fusion,telemetry,,,,,telemetry/ports,telemetry.ports.ports.3.port,4,number,untested,
fusion,telemetry,,,,,telemetry/ports,telemetry.ports.ports.4.port,5,number,untested,
fusion,telemetry,,,,,telemetry/ports,telemetry.ports.ports.5.port,6,number,untested,
